GID0000001,Devak Patel,9486535898,Okhla,ACTNO0000001
GID0000002,Rushil Singh,8611564373,Okhla,ACTNO0000002
GID0000003,Anu Singh,7138437443,Okhla,ACTNO0000003
GID0000004,Charu Khan,9076193242,Kalkaji,ACTNO0000004
GID0000005,Subhan Raj,7211109974,Dwarka,ACTNO0000005
GID0000006,Sandananda Ismail,7248923654,Vasant Kunj,ACTNO0000006
GID0000007,Sohan Kumar,7531414171,Okhla,ACTNO0000007
GID0000008,Jyotirdhar Ismail,7042823187,Dwarka,ACTNO0000008
GID0000009,Sugreev Khan,9567924434,Greater Kailesh,ACTNO0000009
GID0000010,Subodh Jain,8556227517,Rohini,ACTNO0000010
GID0000011,Hashmat Jain,7719756905,Vasant Vihar,ACTNO0000011
GID0000012,Lalitmohan Raj,8619537500,Rohini,ACTNO0000012
GID0000013,Budhil Raj,7248763079,Pitampura,ACTNO0000013
GID0000014,Sulochan Jain,7163656217,Rohini,ACTNO0000014
GID0000015,Devdas Singh,8223563932,Pitampura,ACTNO0000015
GID0000016,Narun Singh,9523526023,Vasant Kunj,ACTNO0000016
GID0000017,Nabarun Patel,7792036330,Vasant Vihar,ACTNO0000017
GID0000018,Basudha Ismail,8504703327,Kalkaji,ACTNO0000018
GID0000019,Jugnu Kumar,7405571460,Vasant Vihar,ACTNO0000019
GID0000020,Pratul Ismail,9184595149,Dwarka,ACTNO0000020
GID0000021,Jitendra Jain,8961237304,Pitampura,ACTNO0000021
GID0000022,Saeed Patel,7602022948,Dwarka,ACTNO0000022
GID0000023,Sharadindu Raj,9570271288,Greater Kailesh,ACTNO0000023
GID0000024,Anu Kumar,7578103515,Vasant Kunj,ACTNO0000024
GID0000025,Patakin Patel,9285917160,Vasant Vihar,ACTNO0000025
GID0000026,Gulab Singh,9896680482,Vasant Vihar,ACTNO0000026
GID0000027,Kanishka Khan,9660740541,Okhla,ACTNO0000027
GID0000028,Brahmabrata Singh,9745371757,Greater Kailesh,ACTNO0000028
GID0000029,Vishvajit Raj,9289686009,Greater Kailesh,ACTNO0000029
GID0000030,Ulagan Patel,8507594081,Dwarka,ACTNO0000030
GID0000031,Sacchidananda Patel,8334526787,Jangpura,ACTNO0000031
GID0000032,Ranjan Ismail,7268309181,Pitampura,ACTNO0000032
GID0000033,Habib Raj,7563981400,Vasant Kunj,ACTNO0000033
GID0000034,Kandarpa Ismail,8760555171,Rohini,ACTNO0000034
GID0000035,Salaman Jain,9504328421,Vasant Vihar,ACTNO0000035
GID0000036,Vineet Patel,9593012758,Vasant Kunj,ACTNO0000036
GID0000037,Shyamsundar Kumar,9106531571,Vasant Vihar,ACTNO0000037
GID0000038,Isaivalan Ismail,7131589200,Jangpura,ACTNO0000038
GID0000039,Harsh Patel,7304175610,Vasant Vihar,ACTNO0000039
GID0000040,Mohak Ismail,8597473999,Vasant Vihar,ACTNO0000040
GID0000041,Mohamad Patel,8451409308,Rohini,ACTNO0000041
GID0000042,Prachetas Raj,9135745258,Rohini,ACTNO0000042
GID0000043,Kamat Patel,9947699409,Greater Kailesh,ACTNO0000043
GID0000044,Chandrakanta Raj,7062526474,Jangpura,ACTNO0000044
GID0000045,Hiresh Raj,8203642572,Greater Kailesh,ACTNO0000045
GID0000046,Gunjan Jain,7440543402,Kalkaji,ACTNO0000046
GID0000047,Mihir Jain,7177026388,Greater Kailesh,ACTNO0000047
GID0000048,Lalitmohan Kumar,8866226302,Greater Kailesh,ACTNO0000048
GID0000049,Ekalinga Jain,8846298368,Vasant Vihar,ACTNO0000049
GID0000050,Bhuvan Jain,8600854546,Rohini,ACTNO0000050
GID0000051,Achintya Ismail,9539985703,Kalkaji,ACTNO0000051
GID0000052,Devadatta Jain,9341822610,Jangpura,ACTNO0000052
GID0000053,Prem Raj,7429985905,Saket,ACTNO0000053
GID0000054,Karunashankar Singh,7759213865,Kalkaji,ACTNO0000054
GID0000055,Ellu Jain,9245401189,Rohini,ACTNO0000055
GID0000056,Murad Singh,9891978796,Saket,ACTNO0000056
GID0000057,Shams Singh,8978676196,Vasant Kunj,ACTNO0000057
GID0000058,Tarit Khan,9405307035,Rohini,ACTNO0000058
GID0000059,Chiranjeev Singh,7589069175,Kalkaji,ACTNO0000059
GID0000060,Jalal Khan,8495692709,Dwarka,ACTNO0000060
GID0000061,Mangesh Jain,7112194007,Kalkaji,ACTNO0000061
GID0000062,Gunaratna Jain,7086010542,Vasant Vihar,ACTNO0000062
GID0000063,Kirtikumar Patel,7302117404,Okhla,ACTNO0000063
GID0000064,Jugnu Raj,9667208973,Rohini,ACTNO0000064
GID0000065,Rizvan Singh,9268461711,Kalkaji,ACTNO0000065
GID0000066,Rebanta Khan,9702255592,Greater Kailesh,ACTNO0000066
GID0000067,Balagovind Raj,9956583076,Dwarka,ACTNO0000067
GID0000068,Basudha Jain,7323696844,Pitampura,ACTNO0000068
GID0000069,Subhan Singh,8836722398,Rohini,ACTNO0000069
GID0000070,Ilamurugu Raj,7559841235,Kalkaji,ACTNO0000070
GID0000071,Mohamad Singh,9388689745,Okhla,ACTNO0000071
GID0000072,Mekhal Ismail,9953397689,Vasant Vihar,ACTNO0000072
GID0000073,Rasbihari Singh,8146005431,Greater Kailesh,ACTNO0000073
GID0000074,Sourish Singh,7005668235,Dwarka,ACTNO0000074
GID0000075,Lakshmidhar Jain,9768606472,Vasant Kunj,ACTNO0000075
GID0000076,Pradosh Raj,8873262603,Jangpura,ACTNO0000076
GID0000077,Saurabh Patel,7749444914,Okhla,ACTNO0000077
GID0000078,Ellu Kumar,7005772744,Greater Kailesh,ACTNO0000078
GID0000079,Pratul Patel,8588177212,Rohini,ACTNO0000079
GID0000080,Ekalavya Patel,8402228067,Okhla,ACTNO0000080
GID0000081,Ajinkya Raj,8096526177,Jangpura,ACTNO0000081
GID0000082,Vineet Raj,8472393224,Vasant Kunj,ACTNO0000082
GID0000083,Bibhavasu Jain,8502328181,Greater Kailesh,ACTNO0000083
GID0000084,Ramavatar Jain,9133601685,Vasant Kunj,ACTNO0000084
GID0000085,Umed Raj,7659123667,Pitampura,ACTNO0000085
GID0000086,Pramod Patel,7616916185,Jangpura,ACTNO0000086
GID0000087,Pritam Khan,8795346438,Kalkaji,ACTNO0000087
GID0000088,Hemanga Kumar,9741503501,Jangpura,ACTNO0000088
GID0000089,Bhagyanandana Kumar,9910252246,Saket,ACTNO0000089
GID0000090,Avanindra Singh,7130229083,Pitampura,ACTNO0000090
GID0000091,Mohak Kumar,7020828534,Greater Kailesh,ACTNO0000091
GID0000092,Aghat Jain,9094691750,Pitampura,ACTNO0000092
GID0000093,Hemadri Raj,8299553210,Okhla,ACTNO0000093
GID0000094,Aniteja Jain,8454462001,Greater Kailesh,ACTNO0000094
GID0000095,Rushil Ismail,8845703023,Greater Kailesh,ACTNO0000095
GID0000096,Ayyapan Kumar,7583101883,Okhla,ACTNO0000096
GID0000097,Salaman Jain,7983103686,Jangpura,ACTNO0000097
GID0000098,Basudha Patel,8168067644,Saket,ACTNO0000098
GID0000099,Indrakanta Ismail,8621005600,Rohini,ACTNO0000099
GID0000100,Anurag Raj,8277627305,Rohini,ACTNO0000100
GID0000101,Vrishin Ismail,7705072722,Dwarka,ACTNO0000101
GID0000102,Ranjan Singh,8848844140,Rohini,ACTNO0000102
GID0000103,Shishirkumar Singh,9264648626,Vasant Kunj,ACTNO0000103
GID0000104,Mangesh Raj,7582725412,Pitampura,ACTNO0000104
GID0000105,Swami Kumar,7108359854,Kalkaji,ACTNO0000105
GID0000106,Palaniappan Raj,7865252629,Greater Kailesh,ACTNO0000106
GID0000107,Chandresh Jain,9961206330,Dwarka,ACTNO0000107
GID0000108,Ellu Patel,9654130239,Jangpura,ACTNO0000108
GID0000109,Pradosh Kumar,9334548462,Rohini,ACTNO0000109
GID0000110,Martanda Singh,9496792206,Jangpura,ACTNO0000110
GID0000111,Pramod Raj,7090353271,Vasant Vihar,ACTNO0000111
GID0000112,Yamajith Khan,9341728067,Vasant Vihar,ACTNO0000112
GID0000113,Ved Singh,8479498656,Saket,ACTNO0000113
GID0000114,Premal Singh,8122146253,Vasant Kunj,ACTNO0000114
GID0000115,Bindusar Singh,7557419539,Vasant Vihar,ACTNO0000115
GID0000116,Navroz Kumar,9751992202,Greater Kailesh,ACTNO0000116
GID0000117,Pavani Patel,7510538743,Kalkaji,ACTNO0000117
GID0000118,Devarsi Patel,8441740537,Jangpura,ACTNO0000118
GID0000119,Milind Singh,7345998577,Rohini,ACTNO0000119
GID0000120,Saroj Ismail,9870207925,Pitampura,ACTNO0000120
GID0000121,Japendra Singh,8323403923,Kalkaji,ACTNO0000121
GID0000122,Kaviraj Singh,9109014864,Vasant Kunj,ACTNO0000122
GID0000123,Subodh Khan,7799587800,Vasant Kunj,ACTNO0000123
GID0000124,Kaviraj Jain,8237647995,Kalkaji,ACTNO0000124
GID0000125,Arijit Jain,8053598168,Okhla,ACTNO0000125
GID0000126,Vrishin Kumar,9820478166,Greater Kailesh,ACTNO0000126
GID0000127,Sayam Raj,9646188513,Greater Kailesh,ACTNO0000127
GID0000128,Manibhushan Ismail,9052635885,Jangpura,ACTNO0000128
GID0000129,Kirtikumar Kumar,9214982043,Jangpura,ACTNO0000129
GID0000130,Bahumanya Khan,7157710023,Okhla,ACTNO0000130
GID0000131,Jaimini Raj,8866249144,Kalkaji,ACTNO0000131
GID0000132,Jalindra Ismail,8679335151,Vasant Kunj,ACTNO0000132
GID0000133,Elumalai Jain,8192666148,Kalkaji,ACTNO0000133
GID0000134,Ravi Khan,9351410214,Jangpura,ACTNO0000134
GID0000135,Rakesh Patel,9069646971,Dwarka,ACTNO0000135
GID0000136,Chapal Patel,7690147942,Jangpura,ACTNO0000136
GID0000137,Shripati Singh,9401589992,Vasant Kunj,ACTNO0000137
GID0000138,Sunanda Kumar,9837810662,Okhla,ACTNO0000138
GID0000139,Brijesh Patel,8443803821,Rohini,ACTNO0000139
GID0000140,Prithu Jain,7840453063,Pitampura,ACTNO0000140
GID0000141,Omar Ismail,8797582037,Vasant Vihar,ACTNO0000141
GID0000142,Habib Khan,9458886284,Dwarka,ACTNO0000142
GID0000143,Kandarpa Khan,7546358466,Vasant Vihar,ACTNO0000143
GID0000144,Devdas Singh,7351272066,Dwarka,ACTNO0000144
GID0000145,Uttiya Jain,9264103143,Saket,ACTNO0000145
GID0000146,Kartar Kumar,7335982515,Dwarka,ACTNO0000146
GID0000147,Fadi Khan,7924746772,Vasant Kunj,ACTNO0000147
GID0000148,Ashvin Raj,7796224096,Greater Kailesh,ACTNO0000148
GID0000149,Pinaki Patel,8298484243,Kalkaji,ACTNO0000149
GID0000150,Gunjan Ismail,7882714413,Greater Kailesh,ACTNO0000150
GID0000151,Pukhraj Raj,9416586817,Saket,ACTNO0000151
GID0000152,Mithilesh Khan,8292455500,Rohini,ACTNO0000152
GID0000153,Asit Patel,8952618442,Jangpura,ACTNO0000153
GID0000154,Daman Jain,8058171249,Jangpura,ACTNO0000154
GID0000155,Ramchandra Singh,8216199657,Jangpura,ACTNO0000155
GID0000156,Kabir Ismail,7706366622,Saket,ACTNO0000156
GID0000157,Shvetang Khan,7102172831,Okhla,ACTNO0000157
GID0000158,Gunaratna Jain,8470011479,Okhla,ACTNO0000158
GID0000159,Sitakanta Ismail,7686023686,Vasant Kunj,ACTNO0000159
GID0000160,Shvetang Raj,7762000034,Saket,ACTNO0000160
GID0000161,Panduranga Kumar,9229651520,Saket,ACTNO0000161
GID0000162,Jayashekhar Jain,7305524111,Dwarka,ACTNO0000162
GID0000163,Rishikesh Jain,7991192572,Jangpura,ACTNO0000163
GID0000164,Vighnesh Raj,9216230014,Vasant Kunj,ACTNO0000164
GID0000165,Yamajith Kumar,9923531789,Vasant Kunj,ACTNO0000165
GID0000166,Bahuleya Kumar,9812877738,Kalkaji,ACTNO0000166
GID0000167,Daman Khan,7364749252,Pitampura,ACTNO0000167
GID0000168,Devanand Jain,8661956576,Vasant Vihar,ACTNO0000168
GID0000169,Dhwani Patel,7354156866,Pitampura,ACTNO0000169
GID0000170,Bhim Kumar,9294010815,Vasant Kunj,ACTNO0000170
GID0000171,Vrishin Kumar,8422378576,Rohini,ACTNO0000171
GID0000172,Neelmadhav Jain,9756827021,Saket,ACTNO0000172
GID0000173,Rehman Patel,9877701806,Greater Kailesh,ACTNO0000173
GID0000174,Deepesh Khan,8808334379,Dwarka,ACTNO0000174
GID0000175,Devak Kumar,8612724028,Dwarka,ACTNO0000175
GID0000176,Neelmadhav Kumar,9605401899,Jangpura,ACTNO0000176
GID0000177,Kandan Khan,7371716534,Vasant Kunj,ACTNO0000177
GID0000178,Rasul Khan,9839195360,Okhla,ACTNO0000178
GID0000179,Sacchidananda Patel,8410918497,Vasant Kunj,ACTNO0000179
GID0000180,Palaniappan Raj,8556102799,Pitampura,ACTNO0000180
GID0000181,Jagajeet Ismail,7635106829,Okhla,ACTNO0000181
GID0000182,Sunanda Raj,9801492967,Rohini,ACTNO0000182
GID0000183,Abhayaprada Singh,8766613214,Vasant Kunj,ACTNO0000183
GID0000184,Abhyudaya Jain,8844885648,Vasant Vihar,ACTNO0000184
GID0000185,Sriram Ismail,8287854396,Kalkaji,ACTNO0000185
GID0000186,Krishnadeva Raj,8449437418,Jangpura,ACTNO0000186
GID0000187,Fadi Jain,9678466143,Kalkaji,ACTNO0000187
GID0000188,Hakesh Khan,8551444519,Rohini,ACTNO0000188
GID0000189,Subhan Ismail,7990160967,Jangpura,ACTNO0000189
GID0000190,Nabarun Ismail,8421944829,Kalkaji,ACTNO0000190
GID0000191,Indivar Khan,9377221418,Okhla,ACTNO0000191
GID0000192,Mekhal Khan,8909905139,Saket,ACTNO0000192
GID0000193,Ashu Ismail,8234668125,Pitampura,ACTNO0000193
GID0000194,Faiyaz Singh,8597887636,Kalkaji,ACTNO0000194
GID0000195,Thayanban Khan,8529589118,Vasant Vihar,ACTNO0000195
GID0000196,Abhijit Kumar,9789629257,Pitampura,ACTNO0000196
GID0000197,Manikandan Singh,9769757751,Pitampura,ACTNO0000197
GID0000198,Sajal Patel,9053537972,Okhla,ACTNO0000198
GID0000199,Vrishin Khan,9556838302,Pitampura,ACTNO0000199
GID0000200,Yash Ismail,7083812316,Rohini,ACTNO0000200
GID0000201,Shivshankar Singh,7774110639,Vasant Kunj,ACTNO0000201
GID0000202,Sacchidananda Jain,9606972625,Saket,ACTNO0000202
GID0000203,Aakar Raj,7811723798,Dwarka,ACTNO0000203
GID0000204,Uttiya Jain,8326790210,Dwarka,ACTNO0000204
GID0000205,Apparajito Kumar,9402028396,Vasant Kunj,ACTNO0000205
GID0000206,Pallav Ismail,7522802080,Jangpura,ACTNO0000206
GID0000207,Sahay Kumar,9253064373,Greater Kailesh,ACTNO0000207
GID0000208,Sulekh Kumar,8379537138,Kalkaji,ACTNO0000208
GID0000209,Shankha Patel,7501334108,Rohini,ACTNO0000209
GID0000210,Khalid Kumar,8764021037,Saket,ACTNO0000210
GID0000211,Baladhi Raj,7201120507,Greater Kailesh,ACTNO0000211
GID0000212,Vedprakash Raj,8461096629,Dwarka,ACTNO0000212
GID0000213,Shantiprakash Jain,7067711941,Saket,ACTNO0000213
GID0000214,Ekanath Kumar,8169308973,Greater Kailesh,ACTNO0000214
GID0000215,Phalgun Raj,8720838346,Jangpura,ACTNO0000215
GID0000216,Jayashekhar Raj,9889471862,Jangpura,ACTNO0000216
GID0000217,Sachet Jain,9157973576,Pitampura,ACTNO0000217
GID0000218,Gandhar Singh,7411245377,Pitampura,ACTNO0000218
GID0000219,Rafat Khan,9484261355,Kalkaji,ACTNO0000219
GID0000220,Sitakanta Khan,9002031701,Dwarka,ACTNO0000220
GID0000221,Chiranjeev Patel,8765568293,Saket,ACTNO0000221
GID0000222,Ekaraj Kumar,8069238128,Rohini,ACTNO0000222
GID0000223,Ekalinga Jain,8183547268,Saket,ACTNO0000223
GID0000224,Rajanikanta Singh,9765772483,Vasant Kunj,ACTNO0000224
GID0000225,Utkarsh Raj,9515055516,Pitampura,ACTNO0000225
GID0000226,Aakar Jain,9496717060,Greater Kailesh,ACTNO0000226
GID0000227,Shashwat Singh,7915026691,Jangpura,ACTNO0000227
GID0000228,Vipra Raj,9476821599,Jangpura,ACTNO0000228
GID0000229,Divyesh Patel,8346532961,Greater Kailesh,ACTNO0000229
GID0000230,Krishnamurari Kumar,8999638727,Jangpura,ACTNO0000230
GID0000231,Sohan Singh,8679566451,Saket,ACTNO0000231
GID0000232,Pradosh Raj,8358494007,Vasant Kunj,ACTNO0000232
GID0000233,Rupesh Jain,8239336998,Jangpura,ACTNO0000233
GID0000234,Charu Ismail,8392355320,Okhla,ACTNO0000234
GID0000235,Musheer Raj,9241750191,Rohini,ACTNO0000235
GID0000236,Ekanath Khan,8003648347,Saket,ACTNO0000236
GID0000237,Achintya Khan,7392318425,Dwarka,ACTNO0000237
GID0000238,Rashmil Singh,8592636769,Jangpura,ACTNO0000238
GID0000239,Balagovind Patel,9548520795,Dwarka,ACTNO0000239
GID0000240,Milind Patel,8458029397,Jangpura,ACTNO0000240
GID0000241,Dharmendra Khan,9107502319,Vasant Vihar,ACTNO0000241
GID0000242,Ellu Khan,7341060928,Vasant Vihar,ACTNO0000242
GID0000243,Kunjabihari Kumar,8327652618,Rohini,ACTNO0000243
GID0000244,Premal Ismail,9561325859,Vasant Kunj,ACTNO0000244
GID0000245,Umang Patel,7122594423,Okhla,ACTNO0000245
GID0000246,Sahas Jain,7542581364,Pitampura,ACTNO0000246
GID0000247,Ananda Ismail,9631110088,Dwarka,ACTNO0000247
GID0000248,Manoranjan Ismail,8019076386,Rohini,ACTNO0000248
GID0000249,Abhijit Kumar,8068654789,Rohini,ACTNO0000249
GID0000250,Hakesh Patel,8730530380,Rohini,ACTNO0000250
GID0000251,Sahay Raj,7598513757,Kalkaji,ACTNO0000251
GID0000252,Anurag Khan,7740987223,Saket,ACTNO0000252
GID0000253,Partha Singh,9799987570,Rohini,ACTNO0000253
GID0000254,Kunjabihari Kumar,7457009329,Okhla,ACTNO0000254
GID0000255,Farhat Jain,7997866703,Rohini,ACTNO0000255
GID0000256,Paresh Khan,9100695343,Dwarka,ACTNO0000256
GID0000257,Ayyapan Raj,9482004921,Okhla,ACTNO0000257
GID0000258,Panduranga Khan,8104547713,Jangpura,ACTNO0000258
GID0000259,Dhwani Patel,8300859853,Pitampura,ACTNO0000259
GID0000260,Nikhat Ismail,7264159503,Pitampura,ACTNO0000260
GID0000261,Mukul Patel,9842800233,Saket,ACTNO0000261
GID0000262,Ellu Jain,8904315692,Kalkaji,ACTNO0000262
GID0000263,Dharmendu Kumar,7125468039,Vasant Vihar,ACTNO0000263
GID0000264,Aakar Patel,8607366416,Okhla,ACTNO0000264
GID0000265,Swami Kumar,9782106747,Jangpura,ACTNO0000265
GID0000266,Charu Raj,9195062488,Vasant Vihar,ACTNO0000266
GID0000267,Tanuj Singh,9702842452,Pitampura,ACTNO0000267
GID0000268,Shashimohan Ismail,8295351132,Kalkaji,ACTNO0000268
GID0000269,Chiranjeev Khan,8638451769,Greater Kailesh,ACTNO0000269
GID0000270,Bhupathi Ismail,7961531359,Greater Kailesh,ACTNO0000270
GID0000271,Milind Raj,8503688644,Okhla,ACTNO0000271
GID0000272,Jenya Raj,8499383432,Okhla,ACTNO0000272
GID0000273,Rishikesh Kumar,9477358710,Greater Kailesh,ACTNO0000273
GID0000274,Aakar Singh,9402522085,Vasant Kunj,ACTNO0000274
GID0000275,Daiwik Singh,7016362448,Rohini,ACTNO0000275
GID0000276,Sahay Khan,7025070117,Pitampura,ACTNO0000276
GID0000277,Kashiprasad Kumar,7970632620,Pitampura,ACTNO0000277
GID0000278,Farhat Patel,9475382230,Pitampura,ACTNO0000278
GID0000279,Kriday Patel,7218348559,Vasant Vihar,ACTNO0000279
GID0000280,Aghat Kumar,8180804821,Rohini,ACTNO0000280
GID0000281,Manohar Patel,7087848905,Dwarka,ACTNO0000281
GID0000282,Bhudev Raj,7754520655,Vasant Vihar,ACTNO0000282
GID0000283,Jairaj Patel,8474531416,Saket,ACTNO0000283
GID0000284,Paresh Singh,7519035438,Saket,ACTNO0000284
GID0000285,Sriram Singh,9863945347,Pitampura,ACTNO0000285
GID0000286,Jasapal Raj,8857404540,Kalkaji,ACTNO0000286
GID0000287,Jagadip Raj,9610395215,Greater Kailesh,ACTNO0000287
GID0000288,Ashvin Ismail,8314437459,Saket,ACTNO0000288
GID0000289,Kandarpa Patel,7334313988,Vasant Kunj,ACTNO0000289
GID0000290,Abhayaprada Patel,9401303960,Jangpura,ACTNO0000290
GID0000291,Pritam Raj,8001027548,Pitampura,ACTNO0000291
GID0000292,Ashu Jain,7940118187,Vasant Kunj,ACTNO0000292
GID0000293,Sharadindu Singh,7637513099,Okhla,ACTNO0000293
GID0000294,Abhirup Patel,7477798000,Jangpura,ACTNO0000294
GID0000295,Haresh Singh,8074165240,Dwarka,ACTNO0000295
GID0000296,Ravi Jain,8360898655,Dwarka,ACTNO0000296
GID0000297,Kirtikumar Singh,7564051420,Greater Kailesh,ACTNO0000297
GID0000298,Chandrakanta Jain,9013095636,Vasant Vihar,ACTNO0000298
GID0000299,Jasapal Patel,9671245324,Dwarka,ACTNO0000299
GID0000300,Shvetang Kumar,9353062217,Rohini,ACTNO0000300
GID0000301,Lakshmikanta Kumar,9330060023,Rohini,ACTNO0000301
GID0000302,Ulagan Kumar,8592443312,Vasant Vihar,ACTNO0000302
GID0000303,Jogindra Ismail,8521200262,Vasant Kunj,ACTNO0000303
GID0000304,Sitakanta Jain,8130813746,Jangpura,ACTNO0000304
GID0000305,Patakin Patel,8648525561,Rohini,ACTNO0000305
GID0000306,Rebanta Kumar,8020784799,Kalkaji,ACTNO0000306
GID0000307,Tapasendra Kumar,9152504838,Pitampura,ACTNO0000307
GID0000308,Kabir Khan,9799929904,Kalkaji,ACTNO0000308
GID0000309,Rishikesh Patel,9906905534,Vasant Kunj,ACTNO0000309
GID0000310,Jagajeet Raj,8299498247,Pitampura,ACTNO0000310
GID0000311,Acarya Khan,9980293158,Rohini,ACTNO0000311
GID0000312,Balanath Raj,8123536079,Rohini,ACTNO0000312
GID0000313,Vineet Jain,9051738481,Greater Kailesh,ACTNO0000313
GID0000314,Bahuleya Kumar,9677708276,Vasant Vihar,ACTNO0000314
GID0000315,Ranjan Khan,7662159078,Dwarka,ACTNO0000315
GID0000316,Vikranta Khan,7095572218,Greater Kailesh,ACTNO0000316
GID0000317,Trailokva Khan,7807051155,Rohini,ACTNO0000317
GID0000318,Sahay Jain,7825165641,Greater Kailesh,ACTNO0000318
GID0000319,Nikhat Raj,8689915190,Pitampura,ACTNO0000319
GID0000320,Bibhavasu Jain,9344062249,Rohini,ACTNO0000320
GID0000321,Vanajit Raj,7789678864,Okhla,ACTNO0000321
GID0000322,Atul Ismail,8025298972,Vasant Kunj,ACTNO0000322
GID0000323,Haresh Ismail,8131298488,Pitampura,ACTNO0000323
GID0000324,Tariq Ismail,8407716445,Okhla,ACTNO0000324
GID0000325,Sevak Khan,8863537127,Saket,ACTNO0000325
GID0000326,Ajamil Ismail,9905181559,Jangpura,ACTNO0000326
GID0000327,Gandharaj Khan,9769834704,Okhla,ACTNO0000327
GID0000328,Navroz Patel,9233089735,Jangpura,ACTNO0000328
GID0000329,Partha Khan,7754066838,Pitampura,ACTNO0000329
GID0000330,Bhagyanandana Khan,7575311882,Kalkaji,ACTNO0000330
GID0000331,Nithik Singh,8305781606,Jangpura,ACTNO0000331
GID0000332,Swaminath Kumar,7172602007,Saket,ACTNO0000332
GID0000333,Manasi Ismail,9785150074,Dwarka,ACTNO0000333
GID0000334,Palashkusum Raj,7167245977,Rohini,ACTNO0000334
GID0000335,Kamat Singh,8453640625,Greater Kailesh,ACTNO0000335
GID0000336,Partha Raj,9764652710,Jangpura,ACTNO0000336
GID0000337,Yadav Patel,8270358478,Greater Kailesh,ACTNO0000337
GID0000338,Dasharathi Raj,8078818089,Vasant Kunj,ACTNO0000338
GID0000339,Ulagan Khan,7053648790,Vasant Kunj,ACTNO0000339
GID0000340,Jenya Patel,8948789608,Rohini,ACTNO0000340
GID0000341,Rushil Khan,9495042268,Jangpura,ACTNO0000341
GID0000342,Partha Singh,8793340601,Greater Kailesh,ACTNO0000342
GID0000343,Yashodhara Singh,8173342582,Vasant Vihar,ACTNO0000343
GID0000344,Sampat Patel,8491230866,Saket,ACTNO0000344
GID0000345,Rishikesh Kumar,9810785855,Vasant Vihar,ACTNO0000345
GID0000346,Pramod Jain,8297548361,Greater Kailesh,ACTNO0000346
GID0000347,Trishanku Jain,9984473899,Pitampura,ACTNO0000347
GID0000348,Shashwat Kumar,8207534588,Kalkaji,ACTNO0000348
GID0000349,Indushekhar Raj,9227621135,Greater Kailesh,ACTNO0000349
GID0000350,Dalbhya Raj,9688775847,Rohini,ACTNO0000350
GID0000351,Hakesh Jain,9478137219,Greater Kailesh,ACTNO0000351
GID0000352,Sourish Khan,9322411954,Greater Kailesh,ACTNO0000352
GID0000353,Bhim Kumar,8991330814,Dwarka,ACTNO0000353
GID0000354,Budhil Khan,8645568725,Vasant Kunj,ACTNO0000354
GID0000355,Sharan Raj,9575646070,Greater Kailesh,ACTNO0000355
GID0000356,Anurag Raj,7008485332,Vasant Kunj,ACTNO0000356
GID0000357,Etash Raj,9435998471,Okhla,ACTNO0000357
GID0000358,Asit Raj,9202761306,Greater Kailesh,ACTNO0000358
GID0000359,Purnanada Kumar,7302256632,Greater Kailesh,ACTNO0000359
GID0000360,Sahay Patel,7102204188,Jangpura,ACTNO0000360
GID0000361,Devarsi Raj,7121711006,Saket,ACTNO0000361
GID0000362,Satyasheel Singh,8576928014,Kalkaji,ACTNO0000362
GID0000363,Aakar Singh,8558405030,Rohini,ACTNO0000363
GID0000364,Akalpa Kumar,9605927347,Kalkaji,ACTNO0000364
GID0000365,Ranjan Raj,7434853056,Dwarka,ACTNO0000365
GID0000366,Fadi Patel,8760301557,Jangpura,ACTNO0000366
GID0000367,Haresh Patel,7762911204,Jangpura,ACTNO0000367
GID0000368,Satrijit Khan,7315016137,Vasant Vihar,ACTNO0000368
GID0000369,Dhananjay Raj,7694025159,Vasant Vihar,ACTNO0000369
GID0000370,Faisal Patel,8475847140,Jangpura,ACTNO0000370
GID0000371,Niral Singh,9949262487,Greater Kailesh,ACTNO0000371
GID0000372,Chellapan Kumar,9344966540,Kalkaji,ACTNO0000372
GID0000373,Jagadip Khan,9399510532,Jangpura,ACTNO0000373
GID0000374,Anuha Jain,9938660949,Saket,ACTNO0000374
GID0000375,Sumit Singh,7669959120,Saket,ACTNO0000375
GID0000376,Divyendu Khan,8543552665,Greater Kailesh,ACTNO0000376
GID0000377,Chiranjeev Khan,8903706441,Jangpura,ACTNO0000377
GID0000378,Nithilan Ismail,8831096640,Dwarka,ACTNO0000378
GID0000379,Sacchidananda Raj,9477853472,Vasant Vihar,ACTNO0000379
GID0000380,Nityanand Kumar,8084624470,Saket,ACTNO0000380
GID0000381,Abhirup Ismail,9049756413,Kalkaji,ACTNO0000381
GID0000382,Osman Patel,7225477628,Dwarka,ACTNO0000382
GID0000383,Nityagopal Raj,8686071511,Greater Kailesh,ACTNO0000383
GID0000384,Krishnamurari Ismail,7475909388,Okhla,ACTNO0000384
GID0000385,Timir Kumar,8934795824,Jangpura,ACTNO0000385
GID0000386,Jatan Singh,9721992458,Okhla,ACTNO0000386
GID0000387,Sacchidananda Singh,9747937374,Pitampura,ACTNO0000387
GID0000388,Niral Jain,9301622497,Okhla,ACTNO0000388
GID0000389,Gyan Patel,7679386712,Okhla,ACTNO0000389
GID0000390,Vikranta Raj,8920341073,Okhla,ACTNO0000390
GID0000391,Rishikesh Kumar,8086619819,Pitampura,ACTNO0000391
GID0000392,Rushil Kumar,8247981570,Vasant Vihar,ACTNO0000392
GID0000393,Bibhavasu Singh,7899077348,Rohini,ACTNO0000393
GID0000394,Manibhushan Kumar,8437282122,Okhla,ACTNO0000394
GID0000395,Ranjan Jain,7203306536,Saket,ACTNO0000395
GID0000396,Sugreev Patel,9437388739,Greater Kailesh,ACTNO0000396
GID0000397,Ranjan Patel,8118672710,Vasant Kunj,ACTNO0000397
GID0000398,Faisal Khan,7200110788,Jangpura,ACTNO0000398
GID0000399,Udayachal Kumar,7204509126,Greater Kailesh,ACTNO0000399
GID0000400,Vedanga Kumar,7114880050,Kalkaji,ACTNO0000400
GID0000401,Achintya Kumar,7605193115,Rohini,ACTNO0000401
GID0000402,Deepesh Kumar,7864271666,Vasant Kunj,ACTNO0000402
GID0000403,Ananda Ismail,7952753272,Kalkaji,ACTNO0000403
GID0000404,Achintya Khan,8049974696,Rohini,ACTNO0000404
GID0000405,Balamohan Patel,9310085372,Dwarka,ACTNO0000405
GID0000406,Shubhendu Kumar,9460632322,Kalkaji,ACTNO0000406
GID0000407,Purnanada Jain,8474839445,Jangpura,ACTNO0000407
GID0000408,Basudha Raj,9149996741,Vasant Kunj,ACTNO0000408
GID0000409,Basudha Kumar,8404742837,Jangpura,ACTNO0000409
GID0000410,Ganjan Patel,7734090103,Greater Kailesh,ACTNO0000410
GID0000411,Shripati Jain,9078218599,Dwarka,ACTNO0000411
GID0000412,Avanindra Ismail,9685564811,Greater Kailesh,ACTNO0000412
GID0000413,Kamat Raj,9301707797,Kalkaji,ACTNO0000413
GID0000414,Kashiprasad Ismail,7043100052,Pitampura,ACTNO0000414
GID0000415,Partha Khan,8045615467,Jangpura,ACTNO0000415
GID0000416,Avanindra Kumar,9189991536,Okhla,ACTNO0000416
GID0000417,Kandarpa Raj,8920295046,Pitampura,ACTNO0000417
GID0000418,Rasul Raj,8884831887,Vasant Vihar,ACTNO0000418
GID0000419,Abhijit Jain,7471402233,Kalkaji,ACTNO0000419
GID0000420,Kamat Raj,7543880264,Vasant Vihar,ACTNO0000420
GID0000421,Manibhushan Ismail,7315174137,Okhla,ACTNO0000421
GID0000422,Taizeen Ismail,9084018307,Jangpura,ACTNO0000422
GID0000423,Habib Patel,8955363356,Okhla,ACTNO0000423
GID0000424,Abhinava Ismail,9870895242,Saket,ACTNO0000424
GID0000425,Balamohan Kumar,8530102937,Rohini,ACTNO0000425
GID0000426,Habib Raj,9770728919,Kalkaji,ACTNO0000426
GID0000427,Uddhar Raj,7439883399,Vasant Kunj,ACTNO0000427
GID0000428,Achintya Patel,8262680368,Saket,ACTNO0000428
GID0000429,Shvetang Ismail,8918764579,Kalkaji,ACTNO0000429
GID0000430,Tarpan Raj,9217911821,Greater Kailesh,ACTNO0000430
GID0000431,Dasharathi Khan,8201693758,Vasant Kunj,ACTNO0000431
GID0000432,Dasharathi Khan,9449215543,Vasant Vihar,ACTNO0000432
GID0000433,Chiranjeev Raj,9401095363,Vasant Kunj,ACTNO0000433
GID0000434,Satyasheel Singh,9494227811,Rohini,ACTNO0000434
GID0000435,Balagovind Jain,9800465677,Jangpura,ACTNO0000435
GID0000436,Khalid Jain,9538840968,Vasant Kunj,ACTNO0000436
GID0000437,Narasimha Patel,9193903924,Greater Kailesh,ACTNO0000437
GID0000438,Debashis Ismail,7613454494,Rohini,ACTNO0000438
GID0000439,Rajdulari Singh,8983094886,Greater Kailesh,ACTNO0000439
GID0000440,Satrijit Ismail,8016027605,Dwarka,ACTNO0000440
GID0000441,Shiromani Kumar,9709235269,Dwarka,ACTNO0000441
GID0000442,Karunakar Raj,8790586607,Okhla,ACTNO0000442
GID0000443,Narasimha Khan,9480917534,Okhla,ACTNO0000443
GID0000444,Bhudev Ismail,7144251433,Saket,ACTNO0000444
GID0000445,Suvrata Khan,9047372010,Okhla,ACTNO0000445
GID0000446,Arjun Jain,8337014335,Greater Kailesh,ACTNO0000446
GID0000447,Jagajeet Patel,8369881458,Jangpura,ACTNO0000447
GID0000448,Indukanta Kumar,7403783319,Jangpura,ACTNO0000448
GID0000449,Saroj Patel,9724426150,Dwarka,ACTNO0000449
GID0000450,Bhaumik Kumar,7694902443,Pitampura,ACTNO0000450
GID0000451,Aniteja Ismail,7591820391,Jangpura,ACTNO0000451
GID0000452,Japendra Raj,9147630376,Okhla,ACTNO0000452
GID0000453,Arun Khan,8209898957,Greater Kailesh,ACTNO0000453
GID0000454,Priya Singh,7059516335,Greater Kailesh,ACTNO0000454
GID0000455,Lakshmikanta Kumar,9952265167,Dwarka,ACTNO0000455
GID0000456,Bhajan Singh,7546097774,Vasant Kunj,ACTNO0000456
GID0000457,Trailokva Jain,7504228202,Pitampura,ACTNO0000457
GID0000458,Rupesh Kumar,9860978758,Vasant Vihar,ACTNO0000458
GID0000459,Pratul Jain,9937024734,Greater Kailesh,ACTNO0000459
GID0000460,Pratul Raj,8260873816,Dwarka,ACTNO0000460
GID0000461,Saeed Singh,9100624161,Saket,ACTNO0000461
GID0000462,Etash Khan,8053376592,Vasant Kunj,ACTNO0000462
GID0000463,Pradosh Patel,8880623230,Saket,ACTNO0000463
GID0000464,Janith Patel,8105863663,Rohini,ACTNO0000464
GID0000465,Budhil Jain,8607085807,Kalkaji,ACTNO0000465
GID0000466,Jagajeet Kumar,7795466969,Kalkaji,ACTNO0000466
GID0000467,Jagadish Jain,7284437377,Jangpura,ACTNO0000467
GID0000468,Rakesh Singh,7065015802,Rohini,ACTNO0000468
GID0000469,Vrishin Patel,9565177488,Vasant Kunj,ACTNO0000469
GID0000470,Ekaraj Ismail,7376172761,Greater Kailesh,ACTNO0000470
GID0000471,Shambhu Khan,9228264275,Rohini,ACTNO0000471
GID0000472,Habib Raj,7724470509,Rohini,ACTNO0000472
GID0000473,Dasharathi Jain,8739477482,Vasant Kunj,ACTNO0000473
GID0000474,Basistha Singh,9834066867,Vasant Kunj,ACTNO0000474
GID0000475,Bahubali Ismail,9467738471,Jangpura,ACTNO0000475
GID0000476,Chapal Patel,7089824291,Vasant Kunj,ACTNO0000476
GID0000477,Maniram Khan,9288237657,Rohini,ACTNO0000477
GID0000478,Manuj Ismail,7326189201,Okhla,ACTNO0000478
GID0000479,Asgar Raj,7843399855,Vasant Kunj,ACTNO0000479
GID0000480,Faraz Jain,8542648208,Vasant Vihar,ACTNO0000480
GID0000481,Dharmendra Kumar,8728433486,Rohini,ACTNO0000481
GID0000482,Ranjan Singh,8560878453,Dwarka,ACTNO0000482
GID0000483,Rajdulari Khan,9550384381,Kalkaji,ACTNO0000483
GID0000484,Dharmesh Raj,9247135870,Jangpura,ACTNO0000484
GID0000485,Mekhal Singh,7077486808,Okhla,ACTNO0000485
GID0000486,Ulhas Khan,7383094690,Jangpura,ACTNO0000486
GID0000487,Sourish Khan,8668606683,Pitampura,ACTNO0000487
GID0000488,Saroj Patel,8353886124,Jangpura,ACTNO0000488
GID0000489,Ellu Jain,7497988211,Dwarka,ACTNO0000489
GID0000490,Talleen Jain,7866885674,Pitampura,ACTNO0000490
GID0000491,Shiromani Khan,7175825601,Vasant Kunj,ACTNO0000491
GID0000492,Arun Singh,8205175207,Dwarka,ACTNO0000492
GID0000493,Dharmendra Jain,9076299487,Okhla,ACTNO0000493
GID0000494,Elumalai Singh,8340923734,Jangpura,ACTNO0000494
GID0000495,Bhaumik Khan,8328921659,Saket,ACTNO0000495
GID0000496,Premanand Raj,8206413831,Dwarka,ACTNO0000496
GID0000497,Dasharathi Jain,8982812195,Okhla,ACTNO0000497
GID0000498,Gursharan Kumar,7979384213,Dwarka,ACTNO0000498
GID0000499,Aniteja Kumar,7122175703,Vasant Kunj,ACTNO0000499
GID0000500,Akalpa Kumar,8697467662,Rohini,ACTNO0000500
GID0000501,Gyan Kumar,8317325219,Vasant Vihar,ACTNO0000501
GID0000502,Vetrival Singh,8786819669,Okhla,ACTNO0000502
GID0000503,Krishnamurari Kumar,7416174189,Dwarka,ACTNO0000503
GID0000504,Abhyudita Kumar,9873374572,Kalkaji,ACTNO0000504
GID0000505,Nikhat Kumar,9961915953,Greater Kailesh,ACTNO0000505
GID0000506,Ved Kumar,8787394799,Kalkaji,ACTNO0000506
GID0000507,Saurabh Jain,9758123909,Jangpura,ACTNO0000507
GID0000508,Bahubali Ismail,8312360979,Jangpura,ACTNO0000508
GID0000509,Kamlesh Ismail,9213379123,Jangpura,ACTNO0000509
GID0000510,Ramavatar Khan,7818033820,Okhla,ACTNO0000510
GID0000511,Sudhakar Kumar,8466829888,Dwarka,ACTNO0000511
GID0000512,Balwant Singh,7934944530,Vasant Vihar,ACTNO0000512
GID0000513,Nabhi Jain,7376685362,Okhla,ACTNO0000513
GID0000514,Shantiprakash Singh,8981193369,Pitampura,ACTNO0000514
GID0000515,Makarand Singh,9386928817,Rohini,ACTNO0000515
GID0000516,Pradyumna Jain,7689925184,Greater Kailesh,ACTNO0000516
GID0000517,Mukul Ismail,7610610223,Rohini,ACTNO0000517
GID0000518,Gulab Kumar,7462643456,Pitampura,ACTNO0000518
GID0000519,Gangeya Kumar,7269493104,Rohini,ACTNO0000519
GID0000520,Mihir Jain,9435282172,Okhla,ACTNO0000520
GID0000521,Bhupendra Singh,7522248620,Jangpura,ACTNO0000521
GID0000522,Hritish Raj,9739881210,Vasant Kunj,ACTNO0000522
GID0000523,Umesh Kumar,8763558825,Dwarka,ACTNO0000523
GID0000524,Kunjabihari Patel,9076510536,Dwarka,ACTNO0000524
GID0000525,Indushekhar Kumar,8490443676,Kalkaji,ACTNO0000525
GID0000526,Mukul Jain,9662226780,Vasant Vihar,ACTNO0000526
GID0000527,Ulhas Jain,7000992478,Vasant Kunj,ACTNO0000527
GID0000528,Shubhankar Kumar,8828842905,Greater Kailesh,ACTNO0000528
GID0000529,Prithu Jain,8062155606,Dwarka,ACTNO0000529
GID0000530,Niranjan Raj,7742569294,Vasant Kunj,ACTNO0000530
GID0000531,Satyankar Patel,9885352484,Pitampura,ACTNO0000531
GID0000532,Nabarun Patel,8294286857,Pitampura,ACTNO0000532
GID0000533,Ibrahim Raj,7875599350,Vasant Vihar,ACTNO0000533
GID0000534,Vetrival Jain,8119668255,Saket,ACTNO0000534
GID0000535,Murarilal Ismail,7154295039,Rohini,ACTNO0000535
GID0000536,Vishvajit Singh,9964282665,Okhla,ACTNO0000536
GID0000537,Sudhakar Jain,9684525484,Pitampura,ACTNO0000537
GID0000538,Chandrakanta Khan,7455572264,Saket,ACTNO0000538
GID0000539,Ibrahim Patel,7644020079,Jangpura,ACTNO0000539
GID0000540,Ashraf Kumar,7264384995,Pitampura,ACTNO0000540
GID0000541,Senmal Khan,9764070289,Dwarka,ACTNO0000541
GID0000542,Pratul Singh,9284755183,Jangpura,ACTNO0000542
GID0000543,Anbu Raj,7337775995,Greater Kailesh,ACTNO0000543
GID0000544,Uddhar Ismail,9620213462,Vasant Vihar,ACTNO0000544
GID0000545,Srijan Kumar,9053069785,Rohini,ACTNO0000545
GID0000546,Nimai Ismail,7025013291,Greater Kailesh,ACTNO0000546
GID0000547,Indukanta Singh,8037442067,Saket,ACTNO0000547
GID0000548,Ashvin Kumar,8977133641,Vasant Kunj,ACTNO0000548
GID0000549,Tarit Jain,8308499963,Vasant Kunj,ACTNO0000549
GID0000550,Champak Patel,8259392857,Vasant Vihar,ACTNO0000550
GID0000551,Kandan Jain,9045258185,Saket,ACTNO0000551
GID0000552,Premanand Singh,8665052601,Greater Kailesh,ACTNO0000552
GID0000553,Devanand Singh,9386779788,Vasant Vihar,ACTNO0000553
GID0000554,Meghashyam Kumar,8818791214,Pitampura,ACTNO0000554
GID0000555,Vedanga Raj,9751282602,Rohini,ACTNO0000555
GID0000556,Nabarun Singh,8262917477,Vasant Kunj,ACTNO0000556
GID0000557,Shankha Jain,9924176497,Dwarka,ACTNO0000557
GID0000558,Sajal Singh,9157977123,Rohini,ACTNO0000558
GID0000559,Ravikiran Ismail,7659824881,Rohini,ACTNO0000559
GID0000560,Shriranga Raj,8050095982,Saket,ACTNO0000560
GID0000561,Lav Jain,9326776964,Vasant Vihar,ACTNO0000561
GID0000562,Amitesh Singh,8480893654,Okhla,ACTNO0000562
GID0000563,Sachin Khan,7733594948,Okhla,ACTNO0000563
GID0000564,Etash Ismail,9736891871,Jangpura,ACTNO0000564
GID0000565,Jaimini Kumar,8698093246,Kalkaji,ACTNO0000565
GID0000566,Navin Khan,7147787651,Jangpura,ACTNO0000566
GID0000567,Anuha Jain,7287738076,Rohini,ACTNO0000567
GID0000568,Haresh Khan,8468066029,Saket,ACTNO0000568
GID0000569,Manoranjan Ismail,8157405221,Vasant Kunj,ACTNO0000569
GID0000570,Manikandan Ismail,7937062844,Vasant Vihar,ACTNO0000570
GID0000571,Karunashankar Kumar,7805714961,Vasant Kunj,ACTNO0000571
GID0000572,Baladhi Raj,8951438419,Okhla,ACTNO0000572
GID0000573,Rishikesh Jain,8636682997,Vasant Kunj,ACTNO0000573
GID0000574,Manibhushan Raj,8334926152,Pitampura,ACTNO0000574
GID0000575,Nand Singh,7443706951,Rohini,ACTNO0000575
GID0000576,Pavani Singh,8937016120,Vasant Vihar,ACTNO0000576
GID0000577,Vedprakash Jain,8579673410,Rohini,ACTNO0000577
GID0000578,Vrishin Jain,7896943302,Vasant Vihar,ACTNO0000578
GID0000579,Hurditya Ismail,7768029756,Dwarka,ACTNO0000579
GID0000580,Nabhi Patel,7646505289,Jangpura,ACTNO0000580
GID0000581,Madangopal Kumar,9107152877,Kalkaji,ACTNO0000581
GID0000582,Vineet Khan,8151985017,Greater Kailesh,ACTNO0000582
GID0000583,Pradyumna Khan,7165100346,Jangpura,ACTNO0000583
GID0000584,Bhudev Ismail,8217791914,Vasant Kunj,ACTNO0000584
GID0000585,Panduranga Jain,8226691921,Greater Kailesh,ACTNO0000585
GID0000586,Lakshmikanta Patel,7823932221,Okhla,ACTNO0000586
GID0000587,Etash Ismail,7310640217,Dwarka,ACTNO0000587
GID0000588,Rafat Raj,8642685113,Pitampura,ACTNO0000588
GID0000589,Jalindra Jain,8739582880,Kalkaji,ACTNO0000589
GID0000590,Arihant Ismail,7622088516,Kalkaji,ACTNO0000590
GID0000591,Trailokva Jain,7635067776,Pitampura,ACTNO0000591
GID0000592,Ekram Patel,7075192874,Kalkaji,ACTNO0000592
GID0000593,Chandrakanta Raj,7152119618,Greater Kailesh,ACTNO0000593
GID0000594,Jalal Kumar,7165988634,Okhla,ACTNO0000594
GID0000595,Bahubali Kumar,8056557555,Saket,ACTNO0000595
GID0000596,Indumat Patel,8300493426,Kalkaji,ACTNO0000596
GID0000597,Natraj Khan,7912586062,Jangpura,ACTNO0000597
GID0000598,Abhyudita Singh,9549387041,Okhla,ACTNO0000598
GID0000599,Sadanand Singh,7471649463,Jangpura,ACTNO0000599
GID0000600,Mithilesh Singh,7491280567,Greater Kailesh,ACTNO0000600